{"exp":1783614905,"data":{"codigo_cliente":"0003","mes":"2026-02","meses_disponibles":["2025-08","2025-09","2025-10","2025-11","2025-12","2026-01","2026-02","2026-03","2026-04","2026-05","2026-06","2026-07"],"tipo":"nuevos","rangos":["000 - 030 Dias","031 - 060 Dias","061 - 090 Dias","091 - 120 Dias","121 - 180 Dias","181 - 360 Dias","361 o Mas Dias"],"sucursales":[{"sucursal":"VOLKSWAGEN Salto del Agua","compania":"Distribuidora Volkswagen Salto del Agua","por_rango":{"000 - 030 Dias":{"uds":78,"valor":33822472.4,"pct_part_uds":40.2,"pct_part_valor":41.6},"031 - 060 Dias":{"uds":56,"valor":20009758.699999996,"pct_part_uds":28.9,"pct_part_valor":24.6},"061 - 090 Dias":{"uds":27,"valor":12619911.419999998,"pct_part_uds":13.9,"pct_part_valor":15.5},"091 - 120 Dias":{"uds":10,"valor":3923428.31,"pct_part_uds":5.2,"pct_part_valor":4.8},"121 - 180 Dias":{"uds":10,"valor":4761689.18,"pct_part_uds":5.2,"pct_part_valor":5.9},"181 - 360 Dias":{"uds":10,"valor":5182576.95,"pct_part_uds":5.2,"pct_part_valor":6.4},"361 o Mas Dias":{"uds":3,"valor":993132.06,"pct_part_uds":1.5,"pct_part_valor":1.2}},"total_uds":194,"total_valor":81312969.01999997,"pct_part_uds_total":39.35,"pct_part_valor_total":38.08},{"sucursal":"VOLKSWAGEN Lomas","compania":"Distribuidora Volkswagen Lomas","por_rango":{"000 - 030 Dias":{"uds":49,"valor":21123771.150000002,"pct_part_uds":41.5,"pct_part_valor":40.2},"031 - 060 Dias":{"uds":19,"valor":7545821.830000002,"pct_part_uds":16.1,"pct_part_valor":14.4},"061 - 090 Dias":{"uds":16,"valor":7127573.04,"pct_part_uds":13.6,"pct_part_valor":13.6},"091 - 120 Dias":{"uds":6,"valor":2777141.6500000004,"pct_part_uds":5.1,"pct_part_valor":5.3},"121 - 180 Dias":{"uds":12,"valor":5213069.960000001,"pct_part_uds":10.2,"pct_part_valor":9.9},"181 - 360 Dias":{"uds":13,"valor":7656099.160000001,"pct_part_uds":11,"pct_part_valor":14.6},"361 o Mas Dias":{"uds":3,"valor":1045887.7200000001,"pct_part_uds":2.5,"pct_part_valor":2}},"total_uds":118,"total_valor":52489364.51000001,"pct_part_uds_total":23.94,"pct_part_valor_total":24.58},{"sucursal":"VOLKSWAGEN Central","compania":"Distribuidora Volkswagen Central","por_rango":{"000 - 030 Dias":{"uds":42,"valor":16064770.48,"pct_part_uds":44.2,"pct_part_valor":43.2},"031 - 060 Dias":{"uds":15,"valor":6035578.410000001,"pct_part_uds":15.8,"pct_part_valor":16.2},"061 - 090 Dias":{"uds":11,"valor":4651479.709999999,"pct_part_uds":11.6,"pct_part_valor":12.5},"091 - 120 Dias":{"uds":7,"valor":2882269.61,"pct_part_uds":7.4,"pct_part_valor":7.7},"121 - 180 Dias":{"uds":9,"valor":3480842.97,"pct_part_uds":9.5,"pct_part_valor":9.4},"181 - 360 Dias":{"uds":9,"valor":3394967.16,"pct_part_uds":9.5,"pct_part_valor":9.1},"361 o Mas Dias":{"uds":2,"valor":691105.66,"pct_part_uds":2.1,"pct_part_valor":1.9}},"total_uds":95,"total_valor":37201014.000000015,"pct_part_uds_total":19.27,"pct_part_valor_total":17.42},{"sucursal":"CUPRA LOMAS","compania":"Autos Lomas","por_rango":{"000 - 030 Dias":{"uds":14,"valor":8230798.680000002,"pct_part_uds":29.2,"pct_part_valor":28.7},"031 - 060 Dias":{"uds":7,"valor":3754790.6500000004,"pct_part_uds":14.6,"pct_part_valor":13.1},"061 - 090 Dias":{"uds":10,"valor":5266817.640000001,"pct_part_uds":20.8,"pct_part_valor":18.4},"091 - 120 Dias":{"uds":6,"valor":4091629.06,"pct_part_uds":12.5,"pct_part_valor":14.3},"121 - 180 Dias":{"uds":8,"valor":5162361.859999999,"pct_part_uds":16.7,"pct_part_valor":18},"181 - 360 Dias":{"uds":3,"valor":2164173.2700000005,"pct_part_uds":6.2,"pct_part_valor":7.5},"361 o Mas Dias":{"uds":0,"valor":0,"pct_part_uds":0,"pct_part_valor":0}},"total_uds":48,"total_valor":28670571.159999996,"pct_part_uds_total":9.74,"pct_part_valor_total":13.43},{"sucursal":"SEAT LOMAS","compania":"Autos Lomas","por_rango":{"000 - 030 Dias":{"uds":31,"valor":10940994.789999997,"pct_part_uds":81.6,"pct_part_valor":79},"031 - 060 Dias":{"uds":2,"valor":817253.3400000001,"pct_part_uds":5.3,"pct_part_valor":5.9},"061 - 090 Dias":{"uds":1,"valor":431310.16000000003,"pct_part_uds":2.6,"pct_part_valor":3.1},"091 - 120 Dias":{"uds":3,"valor":1196071.79,"pct_part_uds":7.9,"pct_part_valor":8.6},"121 - 180 Dias":{"uds":0,"valor":0,"pct_part_uds":0,"pct_part_valor":0},"181 - 360 Dias":{"uds":1,"valor":460212.74000000005,"pct_part_uds":2.6,"pct_part_valor":3.3},"361 o Mas Dias":{"uds":0,"valor":0,"pct_part_uds":0,"pct_part_valor":0}},"total_uds":38,"total_valor":13845842.819999991,"pct_part_uds_total":7.71,"pct_part_valor_total":6.48}],"totales":{"por_rango":{"000 - 030 Dias":{"uds":214,"valor":90182807.5,"pct_part_uds":43.4,"pct_part_valor":42.2},"031 - 060 Dias":{"uds":99,"valor":38163202.93,"pct_part_uds":20.1,"pct_part_valor":17.9},"061 - 090 Dias":{"uds":65,"valor":30097091.969999995,"pct_part_uds":13.2,"pct_part_valor":14.1},"091 - 120 Dias":{"uds":32,"valor":14870540.420000002,"pct_part_uds":6.5,"pct_part_valor":7},"121 - 180 Dias":{"uds":39,"valor":18617963.97,"pct_part_uds":7.9,"pct_part_valor":8.7},"181 - 360 Dias":{"uds":36,"valor":18858029.28,"pct_part_uds":7.3,"pct_part_valor":8.8},"361 o Mas Dias":{"uds":8,"valor":2730125.4400000004,"pct_part_uds":1.6,"pct_part_valor":1.3}},"uds":493,"valor":213519761.50999996},"modelo_atributos":{"sucursal":{"modelo":"VentaAuto","atributo":"Sucursal","label":""},"dia_01":{"modelo":"VentaAuto","atributo":"Uds_Vendidas","label":"Vta Uds"},"dia_02":{"modelo":"VentaAuto","atributo":"Uds_Vendidas","label":"Vta Uds"},"dia_03":{"modelo":"VentaAuto","atributo":"Uds_Vendidas","label":"Vta Uds"},"dia_04":{"modelo":"VentaAuto","atributo":"Uds_Vendidas","label":"Vta Uds"},"dia_05":{"modelo":"VentaAuto","atributo":"Uds_Vendidas","label":"Vta Uds"},"dia_06":{"modelo":"VentaAuto","atributo":"Uds_Vendidas","label":"Vta Uds"},"dia_07":{"modelo":"VentaAuto","atributo":"Uds_Vendidas","label":"Vta Uds"},"dia_08":{"modelo":"VentaAuto","atributo":"Uds_Vendidas","label":"Vta Uds"},"dia_09":{"modelo":"VentaAuto","atributo":"Uds_Vendidas","label":"Vta Uds"},"dia_10":{"modelo":"VentaAuto","atributo":"Uds_Vendidas","label":"Vta Uds"},"dia_11":{"modelo":"VentaAuto","atributo":"Uds_Vendidas","label":"Vta Uds"},"dia_12":{"modelo":"VentaAuto","atributo":"Uds_Vendidas","label":"Vta Uds"},"dia_13":{"modelo":"VentaAuto","atributo":"Uds_Vendidas","label":"Vta Uds"},"dia_14":{"modelo":"VentaAuto","atributo":"Uds_Vendidas","label":"Vta Uds"},"dia_15":{"modelo":"VentaAuto","atributo":"Uds_Vendidas","label":"Vta Uds"},"dia_16":{"modelo":"VentaAuto","atributo":"Uds_Vendidas","label":"Vta Uds"},"dia_17":{"modelo":"VentaAuto","atributo":"Uds_Vendidas","label":"Vta Uds"},"dia_18":{"modelo":"VentaAuto","atributo":"Uds_Vendidas","label":"Vta Uds"},"dia_19":{"modelo":"VentaAuto","atributo":"Uds_Vendidas","label":"Vta Uds"},"dia_20":{"modelo":"VentaAuto","atributo":"Uds_Vendidas","label":"Vta Uds"},"dia_21":{"modelo":"VentaAuto","atributo":"Uds_Vendidas","label":"Vta Uds"},"dia_22":{"modelo":"VentaAuto","atributo":"Uds_Vendidas","label":"Vta Uds"},"dia_23":{"modelo":"VentaAuto","atributo":"Uds_Vendidas","label":"Vta Uds"},"dia_24":{"modelo":"VentaAuto","atributo":"Uds_Vendidas","label":"Vta Uds"},"dia_25":{"modelo":"VentaAuto","atributo":"Uds_Vendidas","label":"Vta Uds"},"dia_26":{"modelo":"VentaAuto","atributo":"Uds_Vendidas","label":"Vta Uds"},"dia_27":{"modelo":"VentaAuto","atributo":"Uds_Vendidas","label":"Vta Uds"},"dia_28":{"modelo":"VentaAuto","atributo":"Uds_Vendidas","label":"Vta Uds"},"dia_29":{"modelo":"VentaAuto","atributo":"Uds_Vendidas","label":"Vta Uds"},"dia_30":{"modelo":"VentaAuto","atributo":"Uds_Vendidas","label":"Vta Uds"},"dia_31":{"modelo":"VentaAuto","atributo":"Uds_Vendidas","label":"Vta Uds"},"total":{"modelo":"VentaAuto","atributo":"Uds_Vendidas","label":"Vta Uds"},"obj_uds_dia":{"modelo":"VentaAuto","atributo":"Obj_Vta_Uds_al_Dia","label":""},"pct_alcance_ritmo":{"modelo":"","atributo":"","label":""},"obj_uds_mes":{"modelo":"Objetivos Autos","atributo":"Obj_Vta_Uds_Mensual","label":""},"pct_alcance":{"modelo":"","atributo":"","label":""},"venta":{"modelo":"VentaAuto",