{"exp":1783617611,"data":{"codigo_cliente":"0003","mes":"2026-06","meses_disponibles":["2025-08","2025-09","2025-10","2025-11","2025-12","2026-01","2026-02","2026-03","2026-04","2026-05","2026-06","2026-07"],"tipo":"usados","rangos":["000 - 030 Dias","031 - 060 Dias","061 - 090 Dias","091 - 120 Dias","121 - 180 Dias","181 - 360 Dias"],"sucursales":[{"sucursal":"VOLKSWAGEN Salto del Agua","compania":"Distribuidora Volkswagen Salto del Agua","por_rango":{"000 - 030 Dias":{"uds":77,"valor":24111640.290000003,"pct_part_uds":47.5,"pct_part_valor":48},"031 - 060 Dias":{"uds":30,"valor":9798817.71,"pct_part_uds":18.5,"pct_part_valor":19.5},"061 - 090 Dias":{"uds":29,"valor":7640039.019999999,"pct_part_uds":17.9,"pct_part_valor":15.2},"091 - 120 Dias":{"uds":16,"valor":5447788.6,"pct_part_uds":9.9,"pct_part_valor":10.9},"121 - 180 Dias":{"uds":4,"valor":1407758.62,"pct_part_uds":2.5,"pct_part_valor":2.8},"181 - 360 Dias":{"uds":6,"valor":1782413.79,"pct_part_uds":3.7,"pct_part_valor":3.6}},"total_uds":162,"total_valor":50188458.03,"pct_part_uds_total":39.32,"pct_part_valor_total":37.89},{"sucursal":"SEAT LOMAS","compania":"Autos Lomas","por_rango":{"000 - 030 Dias":{"uds":61,"valor":21126529.98,"pct_part_uds":59.2,"pct_part_valor":58.5},"031 - 060 Dias":{"uds":20,"valor":6320674.42,"pct_part_uds":19.4,"pct_part_valor":17.5},"061 - 090 Dias":{"uds":10,"valor":3387482.76,"pct_part_uds":9.7,"pct_part_valor":9.4},"091 - 120 Dias":{"uds":6,"valor":2436465.49,"pct_part_uds":5.8,"pct_part_valor":6.7},"121 - 180 Dias":{"uds":2,"valor":1220000,"pct_part_uds":1.9,"pct_part_valor":3.4},"181 - 360 Dias":{"uds":4,"valor":1640000,"pct_part_uds":3.9,"pct_part_valor":4.5}},"total_uds":103,"total_valor":36131152.64999999,"pct_part_uds_total":25,"pct_part_valor_total":27.28},{"sucursal":"VOLKSWAGEN Central","compania":"Distribuidora Volkswagen Central","por_rango":{"000 - 030 Dias":{"uds":52,"valor":15887164.830000002,"pct_part_uds":59.1,"pct_part_valor":60.4},"031 - 060 Dias":{"uds":20,"valor":5854524.9,"pct_part_uds":22.7,"pct_part_valor":22.3},"061 - 090 Dias":{"uds":7,"valor":1735103.62,"pct_part_uds":8,"pct_part_valor":6.6},"091 - 120 Dias":{"uds":6,"valor":1815157.1300000001,"pct_part_uds":6.8,"pct_part_valor":6.9},"121 - 180 Dias":{"uds":2,"valor":518837.29000000004,"pct_part_uds":2.3,"pct_part_valor":2},"181 - 360 Dias":{"uds":1,"valor":475000,"pct_part_uds":1.1,"pct_part_valor":1.8}},"total_uds":88,"total_valor":26285787.769999996,"pct_part_uds_total":21.36,"pct_part_valor_total":19.85},{"sucursal":"VOLKSWAGEN Lomas","compania":"Distribuidora Volkswagen Lomas","por_rango":{"000 - 030 Dias":{"uds":30,"valor":10152093.63,"pct_part_uds":51.7,"pct_part_valor":52.3},"031 - 060 Dias":{"uds":13,"valor":4081881.7100000004,"pct_part_uds":22.4,"pct_part_valor":21},"061 - 090 Dias":{"uds":9,"valor":2597612.34,"pct_part_uds":15.5,"pct_part_valor":13.4},"091 - 120 Dias":{"uds":1,"valor":370000,"pct_part_uds":1.7,"pct_part_valor":1.9},"121 - 180 Dias":{"uds":1,"valor":379244.47000000003,"pct_part_uds":1.7,"pct_part_valor":2},"181 - 360 Dias":{"uds":4,"valor":1820925.4700000002,"pct_part_uds":6.9,"pct_part_valor":9.4}},"total_uds":58,"total_valor":19401757.62,"pct_part_uds_total":14.08,"pct_part_valor_total":14.65},{"sucursal":"CUPRA LOMAS","compania":"Autos Lomas","por_rango":{"000 - 030 Dias":{"uds":1,"valor":440000,"pct_part_uds":100,"pct_part_valor":100},"031 - 060 Dias":{"uds":0,"valor":0,"pct_part_uds":0,"pct_part_valor":0},"061 - 090 Dias":{"uds":0,"valor":0,"pct_part_uds":0,"pct_part_valor":0},"091 - 120 Dias":{"uds":0,"valor":0,"pct_part_uds":0,"pct_part_valor":0},"121 - 180 Dias":{"uds":0,"valor":0,"pct_part_uds":0,"pct_part_valor":0},"181 - 360 Dias":{"uds":0,"valor":0,"pct_part_uds":0,"pct_part_valor":0}},"total_uds":1,"total_valor":440000,"pct_part_uds_total":0.24,"pct_part_valor_total":0.33}],"totales":{"por_rango":{"000 - 030 Dias":{"uds":221,"valor":71717428.73,"pct_part_uds":53.6,"pct_part_valor":54.1},"031 - 060 Dias":{"uds":83,"valor":26055898.740000002,"pct_part_uds":20.1,"pct_part_valor":19.7},"061 - 090 Dias":{"uds":55,"valor":15360237.739999998,"pct_part_uds":13.3,"pct_part_valor":11.6},"091 - 120 Dias":{"uds":29,"valor":10069411.22,"pct_part_uds":7,"pct_part_valor":7.6},"121 - 180 Dias":{"uds":9,"valor":3525840.3800000004,"pct_part_uds":2.2,"pct_part_valor":2.7},"181 - 360 Dias":{"uds":15,"valor":5718339.26,"pct_part_uds":3.6,"pct_part_valor":4.3}},"uds":412,"valor":132447156.07},"modelo_atributos":{"sucursal":{"modelo":"VentaAuto","atributo":"Sucursal","label":""},"dia_01":{"modelo":"VentaAuto","atributo":"Uds_Vendidas","label":"Vta Uds"},"dia_02":{"modelo":"VentaAuto","atributo":"Uds_Vendidas","label":"Vta Uds"},"dia_03":{"modelo":"VentaAuto","atributo":"Uds_Vendidas","label":"Vta Uds"},"dia_04":{"modelo":"VentaAuto","atributo":"Uds_Vendidas","label":"Vta Uds"},"dia_05":{"modelo":"VentaAuto","atributo":"Uds_Vendidas","label":"Vta Uds"},"dia_06":{"modelo":"VentaAuto","atributo":"Uds_Vendidas","label":"Vta Uds"},"dia_07":{"modelo":"VentaAuto","atributo":"Uds_Vendidas","label":"Vta Uds"},"dia_08":{"modelo":"VentaAuto","atributo":"Uds_Vendidas","label":"Vta Uds"},"dia_09":{"modelo":"VentaAuto","atributo":"Uds_Vendidas","label":"Vta Uds"},"dia_10":{"modelo":"VentaAuto","atributo":"Uds_Vendidas","label":"Vta Uds"},"dia_11":{"modelo":"VentaAuto","atributo":"Uds_Vendidas","label":"Vta Uds"},"dia_12":{"modelo":"VentaAuto","atributo":"Uds_Vendidas","label":"Vta Uds"},"dia_13":{"modelo":"VentaAuto","atributo":"Uds_Vendidas","label":"Vta Uds"},"dia_14":{"modelo":"VentaAuto","atributo":"Uds_Vendidas","label":"Vta Uds"},"dia_15":{"modelo":"VentaAuto","atributo":"Uds_Vendidas","label":"Vta Uds"},"dia_16":{"modelo":"VentaAuto","atributo":"Uds_Vendidas","label":"Vta Uds"},"dia_17":{"modelo":"VentaAuto","atributo":"Uds_Vendidas","label":"Vta Uds"},"dia_18":{"modelo":"VentaAuto","atributo":"Uds_Vendidas","label":"Vta Uds"},"dia_19":{"modelo":"VentaAuto","atributo":"Uds_Vendidas","label":"Vta Uds"},"dia_20":{"modelo":"VentaAuto","atributo":"Uds_Vendidas","label":"Vta Uds"},"dia_21":{"modelo":"VentaAuto","atributo":"Uds_Vendidas","label":"Vta Uds"},"dia_22":{"modelo":"VentaAuto","atributo":"Uds_Vendidas","label":"Vta Uds"},"dia_23":{"modelo":"VentaAuto","atributo":"Uds_Vendidas","label":"Vta Uds"},"dia_24":{"modelo":"VentaAuto","atributo":"Uds_Vendidas","label":"Vta Uds"},"dia_25":{"modelo":"VentaAuto","atributo":"Uds_Vendidas","label":"Vta Uds"},"dia_26":{"modelo":"VentaAuto","atributo":"Uds_Vendidas","label":"Vta Uds"},"dia_27":{"modelo":"VentaAuto","atributo":"Uds_Vendidas","label":"Vta Uds"},"dia_28":{"modelo":"VentaAuto","atributo":"Uds_Vendidas","label":"Vta Uds"},"dia_29":{"modelo":"VentaAuto","atributo":"Uds_Vendidas","label":"Vta Uds"},"dia_30":{"modelo":"VentaAuto","atributo":"Uds_Vendidas","label":"Vta Uds"},"dia_31":{"modelo":"VentaAuto","atributo":"Uds_Vendidas","label":"Vta Uds"},"total":{"modelo":"VentaAuto","atributo":"Uds_Vendidas","label":"Vta Uds"},"obj_uds_dia":{"modelo":"VentaAuto","atributo":"Obj_Vta_Uds_al_Dia","label":""},"pct_alcance_ritmo":{"modelo":"","atributo":"","label":""},"obj_uds_mes":{"modelo":"Objetivos Autos","atributo":"Obj_Vta_Uds_Mensual","label":""},"pct_alcance":{"modelo":"","atributo":"","label":""},"venta":{"modelo":"VentaAuto","atributo":"Vta_Neta","label":""},"obj_dia":{"modelo":"VentaAuto","atributo":"Obj_Venta_Dia","label":""},"obj_mes":{"modelo":"VentaAuto","atributo":"Obj_Venta_Mes","label":""},"margen":{"modelo":"VentaAuto","atributo":"MargenBruto","label":""},"pct_margen":{"modelo":"VentaAuto","atributo":"MargenBruto","label":""},"obj_margen_dia":{"modelo":"VentaAuto","atributo":"Obj_Utilidad_Bruta_Dia","label":""},"obj_margen_mes":{"modelo":"VentaAuto","atributo":"Obj_Utilidad_Bruta_Mes","label":""},"alc_ritmo":{"modelo":"VentaAuto","atributo":"Obj_Venta_Dia","label":""},"alc_obj":{"modelo":"VentaAuto","atributo":"Obj_Venta_Mes","label":""},"alc_ritmo_margen":{"modelo":"VentaAuto","atributo":"Obj_Utilidad_Bruta_Dia",