{"exp":1783617288,"data":{"codigo_cliente":"0003","mes":"2026-07","meses_disponibles":["2025-08","2025-09","2025-10","2025-11","2025-12","2026-01","2026-02","2026-03","2026-04","2026-05","2026-06","2026-07"],"tipo":"usados","rangos":["000 - 030 Dias","031 - 060 Dias","061 - 090 Dias","091 - 120 Dias","121 - 180 Dias","181 - 360 Dias"],"sucursales":[{"sucursal":"VOLKSWAGEN Salto del Agua","compania":"Distribuidora Volkswagen Salto del Agua","por_rango":{"000 - 030 Dias":{"uds":87,"valor":27540689.180000007,"pct_part_uds":50.3,"pct_part_valor":51.4},"031 - 060 Dias":{"uds":31,"valor":10239487.220000003,"pct_part_uds":17.9,"pct_part_valor":19.1},"061 - 090 Dias":{"uds":26,"valor":6384822.569999999,"pct_part_uds":15,"pct_part_valor":11.9},"091 - 120 Dias":{"uds":14,"valor":4441056.800000001,"pct_part_uds":8.1,"pct_part_valor":8.3},"121 - 180 Dias":{"uds":9,"valor":3159490.3499999996,"pct_part_uds":5.2,"pct_part_valor":5.9},"181 - 360 Dias":{"uds":6,"valor":1782413.79,"pct_part_uds":3.5,"pct_part_valor":3.3}},"total_uds":173,"total_valor":53547959.910000004,"pct_part_uds_total":41.29,"pct_part_valor_total":40.3},{"sucursal":"SEAT LOMAS","compania":"Autos Lomas","por_rango":{"000 - 030 Dias":{"uds":62,"valor":20454633.43,"pct_part_uds":60.2,"pct_part_valor":57.8},"031 - 060 Dias":{"uds":17,"valor":5456453.93,"pct_part_uds":16.5,"pct_part_valor":15.4},"061 - 090 Dias":{"uds":12,"valor":4182482.76,"pct_part_uds":11.7,"pct_part_valor":11.8},"091 - 120 Dias":{"uds":6,"valor":2436465.49,"pct_part_uds":5.8,"pct_part_valor":6.9},"121 - 180 Dias":{"uds":2,"valor":1220000,"pct_part_uds":1.9,"pct_part_valor":3.4},"181 - 360 Dias":{"uds":4,"valor":1640000,"pct_part_uds":3.9,"pct_part_valor":4.6}},"total_uds":103,"total_valor":35390035.60999999,"pct_part_uds_total":24.58,"pct_part_valor_total":26.63},{"sucursal":"VOLKSWAGEN Central","compania":"Distribuidora Volkswagen Central","por_rango":{"000 - 030 Dias":{"uds":52,"valor":15536864.009999998,"pct_part_uds":61.9,"pct_part_valor":62.7},"031 - 060 Dias":{"uds":18,"valor":5204524.9,"pct_part_uds":21.4,"pct_part_valor":21},"061 - 090 Dias":{"uds":6,"valor":1491724.1400000001,"pct_part_uds":7.1,"pct_part_valor":6},"091 - 120 Dias":{"uds":6,"valor":1847329.71,"pct_part_uds":7.1,"pct_part_valor":7.5},"121 - 180 Dias":{"uds":1,"valor":221982.76,"pct_part_uds":1.2,"pct_part_valor":0.9},"181 - 360 Dias":{"uds":1,"valor":475000,"pct_part_uds":1.2,"pct_part_valor":1.9}},"total_uds":84,"total_valor":24777425.52,"pct_part_uds_total":20.05,"pct_part_valor_total":18.65},{"sucursal":"VOLKSWAGEN Lomas","compania":"Distribuidora Volkswagen Lomas","por_rango":{"000 - 030 Dias":{"uds":36,"valor":11102285.200000001,"pct_part_uds":62.1,"pct_part_valor":59.3},"031 - 060 Dias":{"uds":9,"valor":3071571.8600000003,"pct_part_uds":15.5,"pct_part_valor":16.4},"061 - 090 Dias":{"uds":10,"valor":3180460.93,"pct_part_uds":17.2,"pct_part_valor":17},"091 - 120 Dias":{"uds":1,"valor":370000,"pct_part_uds":1.7,"pct_part_valor":2},"121 - 180 Dias":{"uds":1,"valor":379244.47000000003,"pct_part_uds":1.7,"pct_part_valor":2},"181 - 360 Dias":{"uds":1,"valor":613540.56,"pct_part_uds":1.7,"pct_part_valor":3.3}},"total_uds":58,"total_valor":18717103.019999996,"pct_part_uds_total":13.84,"pct_part_valor_total":14.09},{"sucursal":"CUPRA LOMAS","compania":"Autos Lomas","por_rango":{"000 - 030 Dias":{"uds":1,"valor":440000,"pct_part_uds":100,"pct_part_valor":100},"031 - 060 Dias":{"uds":0,"valor":0,"pct_part_uds":0,"pct_part_valor":0},"061 - 090 Dias":{"uds":0,"valor":0,"pct_part_uds":0,"pct_part_valor":0},"091 - 120 Dias":{"uds":0,"valor":0,"pct_part_uds":0,"pct_part_valor":0},"121 - 180 Dias":{"uds":0,"valor":0,"pct_part_uds":0,"pct_part_valor":0},"181 - 360 Dias":{"uds":0,"valor":0,"pct_part_uds":0,"pct_part_valor":0}},"total_uds":1,"total_valor":440000,"pct_part_uds_total":0.24,"pct_part_valor_total":0.33}],"totales":{"por_rango":{"000 - 030 Dias":{"uds":238,"valor":75074471.82000001,"pct_part_uds":56.8,"pct_part_valor":56.5},"031 - 060 Dias":{"uds":75,"valor":23972037.910000004,"pct_part_uds":17.9,"pct_part_valor":18},"061 - 090 Dias":{"uds":54,"valor":15239490.399999999,"pct_part_uds":12.9,"pct_part_valor":11.5},"091 - 120 Dias":{"uds":27,"valor":9094852,"pct_part_uds":6.4,"pct_part_valor":6.8},"121 - 180 Dias":{"uds":13,"valor":4980717.579999999,"pct_part_uds":3.1,"pct_part_valor":3.7},"181 - 360 Dias":{"uds":12,"valor":4510954.35,"pct_part_uds":2.9,"pct_part_valor":3.4}},"uds":419,"valor":132872524.05999999},"modelo_atributos":{"sucursal":{"modelo":"VentaAuto","atributo":"Sucursal","label":""},"dia_01":{"modelo":"VentaAuto","atributo":"Uds_Vendidas","label":"Vta Uds"},"dia_02":{"modelo":"VentaAuto","atributo":"Uds_Vendidas","label":"Vta Uds"},"dia_03":{"modelo":"VentaAuto","atributo":"Uds_Vendidas","label":"Vta Uds"},"dia_04":{"modelo":"VentaAuto","atributo":"Uds_Vendidas","label":"Vta Uds"},"dia_05":{"modelo":"VentaAuto","atributo":"Uds_Vendidas","label":"Vta Uds"},"dia_06":{"modelo":"VentaAuto","atributo":"Uds_Vendidas","label":"Vta Uds"},"dia_07":{"modelo":"VentaAuto","atributo":"Uds_Vendidas","label":"Vta Uds"},"dia_08":{"modelo":"VentaAuto","atributo":"Uds_Vendidas","label":"Vta Uds"},"dia_09":{"modelo":"VentaAuto","atributo":"Uds_Vendidas","label":"Vta Uds"},"dia_10":{"modelo":"VentaAuto","atributo":"Uds_Vendidas","label":"Vta Uds"},"dia_11":{"modelo":"VentaAuto","atributo":"Uds_Vendidas","label":"Vta Uds"},"dia_12":{"modelo":"VentaAuto","atributo":"Uds_Vendidas","label":"Vta Uds"},"dia_13":{"modelo":"VentaAuto","atributo":"Uds_Vendidas","label":"Vta Uds"},"dia_14":{"modelo":"VentaAuto","atributo":"Uds_Vendidas","label":"Vta Uds"},"dia_15":{"modelo":"VentaAuto","atributo":"Uds_Vendidas","label":"Vta Uds"},"dia_16":{"modelo":"VentaAuto","atributo":"Uds_Vendidas","label":"Vta Uds"},"dia_17":{"modelo":"VentaAuto","atributo":"Uds_Vendidas","label":"Vta Uds"},"dia_18":{"modelo":"VentaAuto","atributo":"Uds_Vendidas","label":"Vta Uds"},"dia_19":{"modelo":"VentaAuto","atributo":"Uds_Vendidas","label":"Vta Uds"},"dia_20":{"modelo":"VentaAuto","atributo":"Uds_Vendidas","label":"Vta Uds"},"dia_21":{"modelo":"VentaAuto","atributo":"Uds_Vendidas","label":"Vta Uds"},"dia_22":{"modelo":"VentaAuto","atributo":"Uds_Vendidas","label":"Vta Uds"},"dia_23":{"modelo":"VentaAuto","atributo":"Uds_Vendidas","label":"Vta Uds"},"dia_24":{"modelo":"VentaAuto","atributo":"Uds_Vendidas","label":"Vta Uds"},"dia_25":{"modelo":"VentaAuto","atributo":"Uds_Vendidas","label":"Vta Uds"},"dia_26":{"modelo":"VentaAuto","atributo":"Uds_Vendidas","label":"Vta Uds"},"dia_27":{"modelo":"VentaAuto","atributo":"Uds_Vendidas","label":"Vta Uds"},"dia_28":{"modelo":"VentaAuto","atributo":"Uds_Vendidas","label":"Vta Uds"},"dia_29":{"modelo":"VentaAuto","atributo":"Uds_Vendidas","label":"Vta Uds"},"dia_30":{"modelo":"VentaAuto","atributo":"Uds_Vendidas","label":"Vta Uds"},"dia_31":{"modelo":"VentaAuto","atributo":"Uds_Vendidas","label":"Vta Uds"},"total":{"modelo":"VentaAuto","atributo":"Uds_Vendidas","label":"Vta Uds"},"obj_uds_dia":{"modelo":"VentaAuto","atributo":"Obj_Vta_Uds_al_Dia","label":""},"pct_alcance_ritmo":{"modelo":"","atributo":"","label":""},"obj_uds_mes":{"modelo":"Objetivos Autos","atributo":"Obj_Vta_Uds_Mensual","label":""},"pct_alcance":{"modelo":"","atributo":"","label":""},"venta":{"modelo":"VentaAuto","atributo":"Vta_Neta","label":""},"obj_dia":{"modelo":"VentaAuto","atributo":"Obj_Venta_Dia","label":""},"obj_mes":{"modelo":"VentaAuto","atributo":"Obj_Venta_Mes","label":""},"margen":{"modelo":"VentaAuto","atributo":"MargenBruto","label":""},"pct_margen":{"modelo":"VentaAuto","atributo":"MargenBruto","label":""},"obj_margen_dia":{"modelo":"VentaAuto","atributo":"Obj_Utilidad_Bruta_Dia","label":""},"obj_margen_mes":{"modelo":"VentaAuto","atributo":"Obj_Utilidad_Bruta_Mes","label":""},"alc_ritmo":{"modelo":"VentaAuto","atributo":"Obj_Venta_Dia","label":""},"alc_obj":{"modelo":"VentaAuto","atributo":"Obj_Venta_Mes","label":""},"alc_ritmo_margen":{"modelo":"VentaAuto",