{"exp":1783617444,"data":{"codigo_cliente":"0003","mes":"2026-07","meses_disponibles":["2025-08","2025-09","2025-10","2025-11","2025-12","2026-01","2026-02","2026-03","2026-04","2026-05","2026-06","2026-07"],"tipo":"nuevos","rangos":["000 - 030 Dias","031 - 060 Dias","061 - 090 Dias","091 - 120 Dias","121 - 180 Dias","181 - 360 Dias","361 o Mas Dias"],"sucursales":[{"sucursal":"VOLKSWAGEN Salto del Agua","compania":"Distribuidora Volkswagen Salto del Agua","por_rango":{"000 - 030 Dias":{"uds":93,"valor":50932556.95000002,"pct_part_uds":47.9,"pct_part_valor":56.1},"031 - 060 Dias":{"uds":33,"valor":13772861.840000002,"pct_part_uds":17,"pct_part_valor":15.2},"061 - 090 Dias":{"uds":21,"valor":7534211.15,"pct_part_uds":10.8,"pct_part_valor":8.3},"091 - 120 Dias":{"uds":29,"valor":11267441.180000002,"pct_part_uds":14.9,"pct_part_valor":12.4},"121 - 180 Dias":{"uds":14,"valor":5537728.59,"pct_part_uds":7.2,"pct_part_valor":6.1},"181 - 360 Dias":{"uds":4,"valor":1810597.1400000001,"pct_part_uds":2.1,"pct_part_valor":2},"361 o Mas Dias":{"uds":0,"valor":0,"pct_part_uds":0,"pct_part_valor":0}},"total_uds":194,"total_valor":90855396.84999983,"pct_part_uds_total":37.82,"pct_part_valor_total":40.01},{"sucursal":"VOLKSWAGEN Central","compania":"Distribuidora Volkswagen Central","por_rango":{"000 - 030 Dias":{"uds":62,"valor":26459532.63999999,"pct_part_uds":47.7,"pct_part_valor":47.9},"031 - 060 Dias":{"uds":30,"valor":12389322.610000005,"pct_part_uds":23.1,"pct_part_valor":22.4},"061 - 090 Dias":{"uds":14,"valor":6168031.2,"pct_part_uds":10.8,"pct_part_valor":11.2},"091 - 120 Dias":{"uds":10,"valor":4182563.3500000006,"pct_part_uds":7.7,"pct_part_valor":7.6},"121 - 180 Dias":{"uds":5,"valor":2418271.44,"pct_part_uds":3.8,"pct_part_valor":4.4},"181 - 360 Dias":{"uds":7,"valor":2888044.23,"pct_part_uds":5.4,"pct_part_valor":5.2},"361 o Mas Dias":{"uds":2,"valor":726631.26,"pct_part_uds":1.5,"pct_part_valor":1.3}},"total_uds":130,"total_valor":55232396.73000003,"pct_part_uds_total":25.34,"pct_part_valor_total":24.32},{"sucursal":"VOLKSWAGEN Lomas","compania":"Distribuidora Volkswagen Lomas","por_rango":{"000 - 030 Dias":{"uds":37,"valor":15367197.66,"pct_part_uds":31.1,"pct_part_valor":30.4},"031 - 060 Dias":{"uds":20,"valor":8601116.759999998,"pct_part_uds":16.8,"pct_part_valor":17},"061 - 090 Dias":{"uds":21,"valor":9396665.68,"pct_part_uds":17.6,"pct_part_valor":18.6},"091 - 120 Dias":{"uds":7,"valor":2635916.83,"pct_part_uds":5.9,"pct_part_valor":5.2},"121 - 180 Dias":{"uds":19,"valor":8525157.649999999,"pct_part_uds":16,"pct_part_valor":16.9},"181 - 360 Dias":{"uds":11,"valor":4414087.85,"pct_part_uds":9.2,"pct_part_valor":8.7},"361 o Mas Dias":{"uds":4,"valor":1555887.7200000002,"pct_part_uds":3.4,"pct_part_valor":3.1}},"total_uds":119,"total_valor":50496030.15000003,"pct_part_uds_total":23.2,"pct_part_valor_total":22.23},{"sucursal":"SEAT LOMAS","compania":"Autos Lomas","por_rango":{"000 - 030 Dias":{"uds":35,"valor":11343229.729999997,"pct_part_uds":76.1,"pct_part_valor":72.7},"031 - 060 Dias":{"uds":4,"valor":1577627.65,"pct_part_uds":8.7,"pct_part_valor":10.1},"061 - 090 Dias":{"uds":0,"valor":0,"pct_part_uds":0,"pct_part_valor":0},"091 - 120 Dias":{"uds":3,"valor":1046710.1399999999,"pct_part_uds":6.5,"pct_part_valor":6.7},"121 - 180 Dias":{"uds":4,"valor":1629386.76,"pct_part_uds":8.7,"pct_part_valor":10.4},"181 - 360 Dias":{"uds":0,"valor":0,"pct_part_uds":0,"pct_part_valor":0},"361 o Mas Dias":{"uds":0,"valor":0,"pct_part_uds":0,"pct_part_valor":0}},"total_uds":46,"total_valor":15596954.279999992,"pct_part_uds_total":8.97,"pct_part_valor_total":6.87},{"sucursal":"CUPRA LOMAS","compania":"Autos Lomas","por_rango":{"000 - 030 Dias":{"uds":7,"valor":3985513.0000000005,"pct_part_uds":29.2,"pct_part_valor":26.7},"031 - 060 Dias":{"uds":7,"valor":4244652.04,"pct_part_uds":29.2,"pct_part_valor":28.4},"061 - 090 Dias":{"uds":6,"valor":4183112.3699999996,"pct_part_uds":25,"pct_part_valor":28},"091 - 120 Dias":{"uds":1,"valor":664981.88,"pct_part_uds":4.2,"pct_part_valor":4.5},"121 - 180 Dias":{"uds":1,"valor":574530.9500000001,"pct_part_uds":4.2,"pct_part_valor":3.8},"181 - 360 Dias":{"uds":2,"valor":1275967.8199999998,"pct_part_uds":8.3,"pct_part_valor":8.5},"361 o Mas Dias":{"uds":0,"valor":0,"pct_part_uds":0,"pct_part_valor":0}},"total_uds":24,"total_valor":14928758.060000002,"pct_part_uds_total":4.68,"pct_part_valor_total":6.57}],"totales":{"por_rango":{"000 - 030 Dias":{"uds":234,"valor":108088029.97999999,"pct_part_uds":45.6,"pct_part_valor":47.6},"031 - 060 Dias":{"uds":94,"valor":40585580.900000006,"pct_part_uds":18.3,"pct_part_valor":17.9},"061 - 090 Dias":{"uds":62,"valor":27282020.400000002,"pct_part_uds":12.1,"pct_part_valor":12},"091 - 120 Dias":{"uds":50,"valor":19797613.38,"pct_part_uds":9.7,"pct_part_valor":8.7},"121 - 180 Dias":{"uds":43,"valor":18685075.389999997,"pct_part_uds":8.4,"pct_part_valor":8.2},"181 - 360 Dias":{"uds":24,"valor":10388697.04,"pct_part_uds":4.7,"pct_part_valor":4.6},"361 o Mas Dias":{"uds":6,"valor":2282518.9800000004,"pct_part_uds":1.2,"pct_part_valor":1}},"uds":513,"valor":227109536.0699999},"modelo_atributos":{"sucursal":{"modelo":"VentaAuto","atributo":"Sucursal","label":""},"dia_01":{"modelo":"VentaAuto","atributo":"Uds_Vendidas","label":"Vta Uds"},"dia_02":{"modelo":"VentaAuto","atributo":"Uds_Vendidas","label":"Vta Uds"},"dia_03":{"modelo":"VentaAuto","atributo":"Uds_Vendidas","label":"Vta Uds"},"dia_04":{"modelo":"VentaAuto","atributo":"Uds_Vendidas","label":"Vta Uds"},"dia_05":{"modelo":"VentaAuto","atributo":"Uds_Vendidas","label":"Vta Uds"},"dia_06":{"modelo":"VentaAuto","atributo":"Uds_Vendidas","label":"Vta Uds"},"dia_07":{"modelo":"VentaAuto","atributo":"Uds_Vendidas","label":"Vta Uds"},"dia_08":{"modelo":"VentaAuto","atributo":"Uds_Vendidas","label":"Vta Uds"},"dia_09":{"modelo":"VentaAuto","atributo":"Uds_Vendidas","label":"Vta Uds"},"dia_10":{"modelo":"VentaAuto","atributo":"Uds_Vendidas","label":"Vta Uds"},"dia_11":{"modelo":"VentaAuto","atributo":"Uds_Vendidas","label":"Vta Uds"},"dia_12":{"modelo":"VentaAuto","atributo":"Uds_Vendidas","label":"Vta Uds"},"dia_13":{"modelo":"VentaAuto","atributo":"Uds_Vendidas","label":"Vta Uds"},"dia_14":{"modelo":"VentaAuto","atributo":"Uds_Vendidas","label":"Vta Uds"},"dia_15":{"modelo":"VentaAuto","atributo":"Uds_Vendidas","label":"Vta Uds"},"dia_16":{"modelo":"VentaAuto","atributo":"Uds_Vendidas","label":"Vta Uds"},"dia_17":{"modelo":"VentaAuto","atributo":"Uds_Vendidas","label":"Vta Uds"},"dia_18":{"modelo":"VentaAuto","atributo":"Uds_Vendidas","label":"Vta Uds"},"dia_19":{"modelo":"VentaAuto","atributo":"Uds_Vendidas","label":"Vta Uds"},"dia_20":{"modelo":"VentaAuto","atributo":"Uds_Vendidas","label":"Vta Uds"},"dia_21":{"modelo":"VentaAuto","atributo":"Uds_Vendidas","label":"Vta Uds"},"dia_22":{"modelo":"VentaAuto","atributo":"Uds_Vendidas","label":"Vta Uds"},"dia_23":{"modelo":"VentaAuto","atributo":"Uds_Vendidas","label":"Vta Uds"},"dia_24":{"modelo":"VentaAuto","atributo":"Uds_Vendidas","label":"Vta Uds"},"dia_25":{"modelo":"VentaAuto","atributo":"Uds_Vendidas","label":"Vta Uds"},"dia_26":{"modelo":"VentaAuto","atributo":"Uds_Vendidas","label":"Vta Uds"},"dia_27":{"modelo":"VentaAuto","atributo":"Uds_Vendidas","label":"Vta Uds"},"dia_28":{"modelo":"VentaAuto","atributo":"Uds_Vendidas","label":"Vta Uds"},"dia_29":{"modelo":"VentaAuto","atributo":"Uds_Vendidas","label":"Vta Uds"},"dia_30":{"modelo":"VentaAuto","atributo":"Uds_Vendidas","label":"Vta Uds"},"dia_31":{"modelo":"VentaAuto","atributo":"Uds_Vendidas","label":"Vta Uds"},"total":{"modelo":"VentaAuto","atributo":"Uds_Vendidas","label":"Vta Uds"},"obj_uds_dia":{"modelo":"VentaAuto","atributo":"Obj_Vta_Uds_al_Dia","label":""},"pct_alcance_ritmo":{"modelo":"","atributo":"","label":""},"obj_uds_mes":{"modelo":"Objetivos Autos","atributo":"Obj_Vta_Uds_Mensual","label":""},"pct_alcance":{"modelo":"","atributo":"","label":""},"venta":{"modelo":"VentaAuto","atributo":"Vta_Neta","label":""},