{"exp":1783617626,"data":{"codigo_cliente":"0003","mes":"2026-06","meses_disponibles":["2025-08","2025-09","2025-10","2025-11","2025-12","2026-01","2026-02","2026-03","2026-04","2026-05","2026-06","2026-07"],"tipo":"nuevos","rangos":["000 - 030 Dias","031 - 060 Dias","061 - 090 Dias","091 - 120 Dias","121 - 180 Dias","181 - 360 Dias","361 o Mas Dias"],"sucursales":[{"sucursal":"VOLKSWAGEN Salto del Agua","compania":"Distribuidora Volkswagen Salto del Agua","por_rango":{"000 - 030 Dias":{"uds":91,"valor":50892109.840000026,"pct_part_uds":45.5,"pct_part_valor":54.5},"031 - 060 Dias":{"uds":39,"valor":15902989.120000003,"pct_part_uds":19.5,"pct_part_valor":17},"061 - 090 Dias":{"uds":28,"valor":9547035.69,"pct_part_uds":14,"pct_part_valor":10.2},"091 - 120 Dias":{"uds":23,"valor":9702364.859999998,"pct_part_uds":11.5,"pct_part_valor":10.4},"121 - 180 Dias":{"uds":13,"valor":4857676.6,"pct_part_uds":6.5,"pct_part_valor":5.2},"181 - 360 Dias":{"uds":6,"valor":2495511.6,"pct_part_uds":3,"pct_part_valor":2.7},"361 o Mas Dias":{"uds":0,"valor":0,"pct_part_uds":0,"pct_part_valor":0}},"total_uds":200,"total_valor":93397687.70999981,"pct_part_uds_total":40.82,"pct_part_valor_total":42.59},{"sucursal":"VOLKSWAGEN Central","compania":"Distribuidora Volkswagen Central","por_rango":{"000 - 030 Dias":{"uds":47,"valor":19920804.569999993,"pct_part_uds":40.5,"pct_part_valor":40.3},"031 - 060 Dias":{"uds":29,"valor":12501049.180000003,"pct_part_uds":25,"pct_part_valor":25.3},"061 - 090 Dias":{"uds":14,"valor":5774403.19,"pct_part_uds":12.1,"pct_part_valor":11.7},"091 - 120 Dias":{"uds":11,"valor":4343401.08,"pct_part_uds":9.5,"pct_part_valor":8.8},"121 - 180 Dias":{"uds":6,"valor":3220604.14,"pct_part_uds":5.2,"pct_part_valor":6.5},"181 - 360 Dias":{"uds":8,"valor":3254377.95,"pct_part_uds":6.9,"pct_part_valor":6.6},"361 o Mas Dias":{"uds":1,"valor":360297.54000000004,"pct_part_uds":0.9,"pct_part_valor":0.7}},"total_uds":116,"total_valor":49374937.65000005,"pct_part_uds_total":23.67,"pct_part_valor_total":22.52},{"sucursal":"VOLKSWAGEN Lomas","compania":"Distribuidora Volkswagen Lomas","por_rango":{"000 - 030 Dias":{"uds":31,"valor":13675205.129999999,"pct_part_uds":27.7,"pct_part_valor":28.2},"031 - 060 Dias":{"uds":19,"valor":8295173.739999998,"pct_part_uds":17,"pct_part_valor":17.1},"061 - 090 Dias":{"uds":22,"valor":9552084.19,"pct_part_uds":19.6,"pct_part_valor":19.7},"091 - 120 Dias":{"uds":8,"valor":3542614.5300000003,"pct_part_uds":7.1,"pct_part_valor":7.3},"121 - 180 Dias":{"uds":17,"valor":7387099.289999999,"pct_part_uds":15.2,"pct_part_valor":15.3},"181 - 360 Dias":{"uds":11,"valor":4414087.85,"pct_part_uds":9.8,"pct_part_valor":9.1},"361 o Mas Dias":{"uds":4,"valor":1555887.7200000002,"pct_part_uds":3.6,"pct_part_valor":3.2}},"total_uds":112,"total_valor":48422152.450000025,"pct_part_uds_total":22.86,"pct_part_valor_total":22.08},{"sucursal":"SEAT LOMAS","compania":"Autos Lomas","por_rango":{"000 - 030 Dias":{"uds":28,"valor":9352679.46,"pct_part_uds":73.7,"pct_part_valor":71},"031 - 060 Dias":{"uds":4,"valor":1458729.26,"pct_part_uds":10.5,"pct_part_valor":11.1},"061 - 090 Dias":{"uds":0,"valor":0,"pct_part_uds":0,"pct_part_valor":0},"091 - 120 Dias":{"uds":2,"valor":726851.69,"pct_part_uds":5.3,"pct_part_valor":5.5},"121 - 180 Dias":{"uds":4,"valor":1629386.76,"pct_part_uds":10.5,"pct_part_valor":12.4},"181 - 360 Dias":{"uds":0,"valor":0,"pct_part_uds":0,"pct_part_valor":0},"361 o Mas Dias":{"uds":0,"valor":0,"pct_part_uds":0,"pct_part_valor":0}},"total_uds":38,"total_valor":13167647.169999998,"pct_part_uds_total":7.76,"pct_part_valor_total":6},{"sucursal":"CUPRA LOMAS","compania":"Autos Lomas","por_rango":{"000 - 030 Dias":{"uds":7,"valor":3985513.0000000005,"pct_part_uds":29.2,"pct_part_valor":26.7},"031 - 060 Dias":{"uds":7,"valor":4244652.04,"pct_part_uds":29.2,"pct_part_valor":28.4},"061 - 090 Dias":{"uds":7,"valor":4848094.25,"pct_part_uds":29.2,"pct_part_valor":32.5},"091 - 120 Dias":{"uds":0,"valor":0,"pct_part_uds":0,"pct_part_valor":0},"121 - 180 Dias":{"uds":1,"valor":574530.9500000001,"pct_part_uds":4.2,"pct_part_valor":3.8},"181 - 360 Dias":{"uds":2,"valor":1275967.8199999998,"pct_part_uds":8.3,"pct_part_valor":8.5},"361 o Mas Dias":{"uds":0,"valor":0,"pct_part_uds":0,"pct_part_valor":0}},"total_uds":24,"total_valor":14928758.060000002,"pct_part_uds_total":4.9,"pct_part_valor_total":6.81}],"totales":{"por_rango":{"000 - 030 Dias":{"uds":204,"valor":97826312.00000003,"pct_part_uds":41.6,"pct_part_valor":44.6},"031 - 060 Dias":{"uds":98,"valor":42402593.34,"pct_part_uds":20,"pct_part_valor":19.3},"061 - 090 Dias":{"uds":71,"valor":29721617.32,"pct_part_uds":14.5,"pct_part_valor":13.6},"091 - 120 Dias":{"uds":44,"valor":18315232.16,"pct_part_uds":9,"pct_part_valor":8.4},"121 - 180 Dias":{"uds":41,"valor":17669297.74,"pct_part_uds":8.4,"pct_part_valor":8.1},"181 - 360 Dias":{"uds":27,"valor":11439945.22,"pct_part_uds":5.5,"pct_part_valor":5.2},"361 o Mas Dias":{"uds":5,"valor":1916185.2600000002,"pct_part_uds":1,"pct_part_valor":0.9}},"uds":490,"valor":219291183.03999987},"modelo_atributos":{"sucursal":{"modelo":"VentaAuto","atributo":"Sucursal","label":""},"dia_01":{"modelo":"VentaAuto","atributo":"Uds_Vendidas","label":"Vta Uds"},"dia_02":{"modelo":"VentaAuto","atributo":"Uds_Vendidas","label":"Vta Uds"},"dia_03":{"modelo":"VentaAuto","atributo":"Uds_Vendidas","label":"Vta Uds"},"dia_04":{"modelo":"VentaAuto","atributo":"Uds_Vendidas","label":"Vta Uds"},"dia_05":{"modelo":"VentaAuto","atributo":"Uds_Vendidas","label":"Vta Uds"},"dia_06":{"modelo":"VentaAuto","atributo":"Uds_Vendidas","label":"Vta Uds"},"dia_07":{"modelo":"VentaAuto","atributo":"Uds_Vendidas","label":"Vta Uds"},"dia_08":{"modelo":"VentaAuto","atributo":"Uds_Vendidas","label":"Vta Uds"},"dia_09":{"modelo":"VentaAuto","atributo":"Uds_Vendidas","label":"Vta Uds"},"dia_10":{"modelo":"VentaAuto","atributo":"Uds_Vendidas","label":"Vta Uds"},"dia_11":{"modelo":"VentaAuto","atributo":"Uds_Vendidas","label":"Vta Uds"},"dia_12":{"modelo":"VentaAuto","atributo":"Uds_Vendidas","label":"Vta Uds"},"dia_13":{"modelo":"VentaAuto","atributo":"Uds_Vendidas","label":"Vta Uds"},"dia_14":{"modelo":"VentaAuto","atributo":"Uds_Vendidas","label":"Vta Uds"},"dia_15":{"modelo":"VentaAuto","atributo":"Uds_Vendidas","label":"Vta Uds"},"dia_16":{"modelo":"VentaAuto","atributo":"Uds_Vendidas","label":"Vta Uds"},"dia_17":{"modelo":"VentaAuto","atributo":"Uds_Vendidas","label":"Vta Uds"},"dia_18":{"modelo":"VentaAuto","atributo":"Uds_Vendidas","label":"Vta Uds"},"dia_19":{"modelo":"VentaAuto","atributo":"Uds_Vendidas","label":"Vta Uds"},"dia_20":{"modelo":"VentaAuto","atributo":"Uds_Vendidas","label":"Vta Uds"},"dia_21":{"modelo":"VentaAuto","atributo":"Uds_Vendidas","label":"Vta Uds"},"dia_22":{"modelo":"VentaAuto","atributo":"Uds_Vendidas","label":"Vta Uds"},"dia_23":{"modelo":"VentaAuto","atributo":"Uds_Vendidas","label":"Vta Uds"},"dia_24":{"modelo":"VentaAuto","atributo":"Uds_Vendidas","label":"Vta Uds"},"dia_25":{"modelo":"VentaAuto","atributo":"Uds_Vendidas","label":"Vta Uds"},"dia_26":{"modelo":"VentaAuto","atributo":"Uds_Vendidas","label":"Vta Uds"},"dia_27":{"modelo":"VentaAuto","atributo":"Uds_Vendidas","label":"Vta Uds"},"dia_28":{"modelo":"VentaAuto","atributo":"Uds_Vendidas","label":"Vta Uds"},"dia_29":{"modelo":"VentaAuto","atributo":"Uds_Vendidas","label":"Vta Uds"},"dia_30":{"modelo":"VentaAuto","atributo":"Uds_Vendidas","label":"Vta Uds"},"dia_31":{"modelo":"VentaAuto","atributo":"Uds_Vendidas","label":"Vta Uds"},"total":{"modelo":"VentaAuto","atributo":"Uds_Vendidas","label":"Vta Uds"},"obj_uds_dia":{"modelo":"VentaAuto","atributo":"Obj_Vta_Uds_al_Dia","label":""},"pct_alcance_ritmo":{"modelo":"","atributo":"","label":""},"obj_uds_mes":{"modelo":"Objetivos Autos","atributo":"Obj_Vta_Uds_Mensual","label":""},"pct_alcance":{"modelo":"","atributo":"","label":""},"venta":{"modelo":"VentaAuto","atributo":"Vta_Neta","label":""},"obj_dia":{"modelo":"VentaAuto","atributo":"Obj_Venta_Dia",