{"exp":1783617581,"data":{"codigo_cliente":"0003","mes":"2026-05","meses_disponibles":["2025-08","2025-09","2025-10","2025-11","2025-12","2026-01","2026-02","2026-03","2026-04","2026-05","2026-06","2026-07"],"tipo":"nuevos","rangos":["000 - 030 Dias","031 - 060 Dias","061 - 090 Dias","091 - 120 Dias","121 - 180 Dias","181 - 360 Dias","361 o Mas Dias"],"sucursales":[{"sucursal":"VOLKSWAGEN Salto del Agua","compania":"Distribuidora Volkswagen Salto del Agua","por_rango":{"000 - 030 Dias":{"uds":70,"valor":27921617.16999999,"pct_part_uds":37.6,"pct_part_valor":37.6},"031 - 060 Dias":{"uds":50,"valor":16923615.780000012,"pct_part_uds":26.9,"pct_part_valor":22.8},"061 - 090 Dias":{"uds":33,"valor":14442057.459999995,"pct_part_uds":17.7,"pct_part_valor":19.5},"091 - 120 Dias":{"uds":15,"valor":7305703.710000001,"pct_part_uds":8.1,"pct_part_valor":9.8},"121 - 180 Dias":{"uds":8,"valor":2937458.16,"pct_part_uds":4.3,"pct_part_valor":4},"181 - 360 Dias":{"uds":8,"valor":3473533.12,"pct_part_uds":4.3,"pct_part_valor":4.7},"361 o Mas Dias":{"uds":2,"valor":1206408.79,"pct_part_uds":1.1,"pct_part_valor":1.6}},"total_uds":186,"total_valor":74210394.19,"pct_part_uds_total":39.83,"pct_part_valor_total":37.33},{"sucursal":"VOLKSWAGEN Lomas","compania":"Distribuidora Volkswagen Lomas","por_rango":{"000 - 030 Dias":{"uds":34,"valor":13831179.910000006,"pct_part_uds":29.1,"pct_part_valor":26.3},"031 - 060 Dias":{"uds":23,"valor":10678179.82,"pct_part_uds":19.7,"pct_part_valor":20.3},"061 - 090 Dias":{"uds":12,"valor":5140128.37,"pct_part_uds":10.3,"pct_part_valor":9.8},"091 - 120 Dias":{"uds":20,"valor":9991161.009999998,"pct_part_uds":17.1,"pct_part_valor":19},"121 - 180 Dias":{"uds":13,"valor":5725559.17,"pct_part_uds":11.1,"pct_part_valor":10.9},"181 - 360 Dias":{"uds":11,"valor":5686347.85,"pct_part_uds":9.4,"pct_part_valor":10.8},"361 o Mas Dias":{"uds":4,"valor":1555887.7200000002,"pct_part_uds":3.4,"pct_part_valor":3}},"total_uds":117,"total_valor":52608443.85000004,"pct_part_uds_total":25.05,"pct_part_valor_total":26.47},{"sucursal":"VOLKSWAGEN Central","compania":"Distribuidora Volkswagen Central","por_rango":{"000 - 030 Dias":{"uds":51,"valor":21253470.160000004,"pct_part_uds":45.5,"pct_part_valor":46.1},"031 - 060 Dias":{"uds":24,"valor":10380622.19,"pct_part_uds":21.4,"pct_part_valor":22.5},"061 - 090 Dias":{"uds":16,"valor":5860346.44,"pct_part_uds":14.3,"pct_part_valor":12.7},"091 - 120 Dias":{"uds":8,"valor":3813398.8,"pct_part_uds":7.1,"pct_part_valor":8.3},"121 - 180 Dias":{"uds":5,"valor":1979891.42,"pct_part_uds":4.5,"pct_part_valor":4.3},"181 - 360 Dias":{"uds":6,"valor":2075280.54,"pct_part_uds":5.4,"pct_part_valor":4.5},"361 o Mas Dias":{"uds":2,"valor":761529.5,"pct_part_uds":1.8,"pct_part_valor":1.7}},"total_uds":112,"total_valor":46124539.05,"pct_part_uds_total":23.98,"pct_part_valor_total":23.21},{"sucursal":"CUPRA LOMAS","compania":"Autos Lomas","por_rango":{"000 - 030 Dias":{"uds":14,"valor":8455862.209999999,"pct_part_uds":48.3,"pct_part_valor":46.7},"031 - 060 Dias":{"uds":9,"valor":6178042.28,"pct_part_uds":31,"pct_part_valor":34.1},"061 - 090 Dias":{"uds":1,"valor":547673.78,"pct_part_uds":3.4,"pct_part_valor":3},"091 - 120 Dias":{"uds":0,"valor":0,"pct_part_uds":0,"pct_part_valor":0},"121 - 180 Dias":{"uds":3,"valor":1652020.48,"pct_part_uds":10.3,"pct_part_valor":9.1},"181 - 360 Dias":{"uds":2,"valor":1275967.8199999998,"pct_part_uds":6.9,"pct_part_valor":7},"361 o Mas Dias":{"uds":0,"valor":0,"pct_part_uds":0,"pct_part_valor":0}},"total_uds":29,"total_valor":18109566.570000004,"pct_part_uds_total":6.21,"pct_part_valor_total":9.11},{"sucursal":"SEAT LOMAS","compania":"Autos Lomas","por_rango":{"000 - 030 Dias":{"uds":15,"valor":4552845.97,"pct_part_uds":65.2,"pct_part_valor":59},"031 - 060 Dias":{"uds":0,"valor":0,"pct_part_uds":0,"pct_part_valor":0},"061 - 090 Dias":{"uds":2,"valor":726851.69,"pct_part_uds":8.7,"pct_part_valor":9.4},"091 - 120 Dias":{"uds":6,"valor":2436749.1799999997,"pct_part_uds":26.1,"pct_part_valor":31.6},"121 - 180 Dias":{"uds":0,"valor":0,"pct_part_uds":0,"pct_part_valor":0},"181 - 360 Dias":{"uds":0,"valor":0,"pct_part_uds":0,"pct_part_valor":0},"361 o Mas Dias":{"uds":0,"valor":0,"pct_part_uds":0,"pct_part_valor":0}},"total_uds":23,"total_valor":7716446.839999998,"pct_part_uds_total":4.93,"pct_part_valor_total":3.88}],"totales":{"por_rango":{"000 - 030 Dias":{"uds":184,"valor":76014975.42,"pct_part_uds":39.4,"pct_part_valor":38.2},"031 - 060 Dias":{"uds":106,"valor":44160460.070000015,"pct_part_uds":22.7,"pct_part_valor":22.2},"061 - 090 Dias":{"uds":64,"valor":26717057.74,"pct_part_uds":13.7,"pct_part_valor":13.4},"091 - 120 Dias":{"uds":49,"valor":23547012.7,"pct_part_uds":10.5,"pct_part_valor":11.8},"121 - 180 Dias":{"uds":29,"valor":12294929.23,"pct_part_uds":6.2,"pct_part_valor":6.2},"181 - 360 Dias":{"uds":27,"valor":12511129.329999998,"pct_part_uds":5.8,"pct_part_valor":6.3},"361 o Mas Dias":{"uds":8,"valor":3523826.0100000002,"pct_part_uds":1.7,"pct_part_valor":1.8}},"uds":467,"valor":198769390.50000003},"modelo_atributos":{"sucursal":{"modelo":"VentaAuto","atributo":"Sucursal","label":""},"dia_01":{"modelo":"VentaAuto","atributo":"Uds_Vendidas","label":"Vta Uds"},"dia_02":{"modelo":"VentaAuto","atributo":"Uds_Vendidas","label":"Vta Uds"},"dia_03":{"modelo":"VentaAuto","atributo":"Uds_Vendidas","label":"Vta Uds"},"dia_04":{"modelo":"VentaAuto","atributo":"Uds_Vendidas","label":"Vta Uds"},"dia_05":{"modelo":"VentaAuto","atributo":"Uds_Vendidas","label":"Vta Uds"},"dia_06":{"modelo":"VentaAuto","atributo":"Uds_Vendidas","label":"Vta Uds"},"dia_07":{"modelo":"VentaAuto","atributo":"Uds_Vendidas","label":"Vta Uds"},"dia_08":{"modelo":"VentaAuto","atributo":"Uds_Vendidas","label":"Vta Uds"},"dia_09":{"modelo":"VentaAuto","atributo":"Uds_Vendidas","label":"Vta Uds"},"dia_10":{"modelo":"VentaAuto","atributo":"Uds_Vendidas","label":"Vta Uds"},"dia_11":{"modelo":"VentaAuto","atributo":"Uds_Vendidas","label":"Vta Uds"},"dia_12":{"modelo":"VentaAuto","atributo":"Uds_Vendidas","label":"Vta Uds"},"dia_13":{"modelo":"VentaAuto","atributo":"Uds_Vendidas","label":"Vta Uds"},"dia_14":{"modelo":"VentaAuto","atributo":"Uds_Vendidas","label":"Vta Uds"},"dia_15":{"modelo":"VentaAuto","atributo":"Uds_Vendidas","label":"Vta Uds"},"dia_16":{"modelo":"VentaAuto","atributo":"Uds_Vendidas","label":"Vta Uds"},"dia_17":{"modelo":"VentaAuto","atributo":"Uds_Vendidas","label":"Vta Uds"},"dia_18":{"modelo":"VentaAuto","atributo":"Uds_Vendidas","label":"Vta Uds"},"dia_19":{"modelo":"VentaAuto","atributo":"Uds_Vendidas","label":"Vta Uds"},"dia_20":{"modelo":"VentaAuto","atributo":"Uds_Vendidas","label":"Vta Uds"},"dia_21":{"modelo":"VentaAuto","atributo":"Uds_Vendidas","label":"Vta Uds"},"dia_22":{"modelo":"VentaAuto","atributo":"Uds_Vendidas","label":"Vta Uds"},"dia_23":{"modelo":"VentaAuto","atributo":"Uds_Vendidas","label":"Vta Uds"},"dia_24":{"modelo":"VentaAuto","atributo":"Uds_Vendidas","label":"Vta Uds"},"dia_25":{"modelo":"VentaAuto","atributo":"Uds_Vendidas","label":"Vta Uds"},"dia_26":{"modelo":"VentaAuto","atributo":"Uds_Vendidas","label":"Vta Uds"},"dia_27":{"modelo":"VentaAuto","atributo":"Uds_Vendidas","label":"Vta Uds"},"dia_28":{"modelo":"VentaAuto","atributo":"Uds_Vendidas","label":"Vta Uds"},"dia_29":{"modelo":"VentaAuto","atributo":"Uds_Vendidas","label":"Vta Uds"},"dia_30":{"modelo":"VentaAuto","atributo":"Uds_Vendidas","label":"Vta Uds"},"dia_31":{"modelo":"VentaAuto","atributo":"Uds_Vendidas","label":"Vta Uds"},"total":{"modelo":"VentaAuto","atributo":"Uds_Vendidas","label":"Vta Uds"},"obj_uds_dia":{"modelo":"VentaAuto","atributo":"Obj_Vta_Uds_al_Dia","label":""},"pct_alcance_ritmo":{"modelo":"","atributo":"","label":""},"obj_uds_mes":{"modelo":"Objetivos Autos","atributo":"Obj_Vta_Uds_Mensual","label":""},"pct_alcance":{"modelo":"","atributo":"","label":""},"venta":{"modelo":"VentaAuto","atributo":"Vta_Neta","label":""},"obj_dia":{"modelo":"VentaAuto","atributo":"Obj_Venta_Dia","label":""},