{"exp":1783617528,"data":{"codigo_cliente":"0003","mes":"2026-03","meses_disponibles":["2025-08","2025-09","2025-10","2025-11","2025-12","2026-01","2026-02","2026-03","2026-04","2026-05","2026-06","2026-07"],"tipo":"nuevos","rangos":["000 - 030 Dias","031 - 060 Dias","061 - 090 Dias","091 - 120 Dias","121 - 180 Dias","181 - 360 Dias","361 o Mas Dias"],"sucursales":[{"sucursal":"VOLKSWAGEN Salto del Agua","compania":"Distribuidora Volkswagen Salto del Agua","por_rango":{"000 - 030 Dias":{"uds":61,"valor":25949574.910000008,"pct_part_uds":35.9,"pct_part_valor":36.5},"031 - 060 Dias":{"uds":31,"valor":14680323.35,"pct_part_uds":18.2,"pct_part_valor":20.7},"061 - 090 Dias":{"uds":38,"valor":12373868.099999994,"pct_part_uds":22.4,"pct_part_valor":17.4},"091 - 120 Dias":{"uds":14,"valor":6210249.92,"pct_part_uds":8.2,"pct_part_valor":8.7},"121 - 180 Dias":{"uds":7,"valor":3058316.54,"pct_part_uds":4.1,"pct_part_valor":4.3},"181 - 360 Dias":{"uds":15,"valor":7381186.65,"pct_part_uds":8.8,"pct_part_valor":10.4},"361 o Mas Dias":{"uds":4,"valor":1357674.8599999999,"pct_part_uds":2.4,"pct_part_valor":1.9}},"total_uds":170,"total_valor":71011194.33000013,"pct_part_uds_total":37.28,"pct_part_valor_total":36.33},{"sucursal":"VOLKSWAGEN Lomas","compania":"Distribuidora Volkswagen Lomas","por_rango":{"000 - 030 Dias":{"uds":34,"valor":14506590.640000002,"pct_part_uds":31.2,"pct_part_valor":29.3},"031 - 060 Dias":{"uds":32,"valor":14639505.890000002,"pct_part_uds":29.4,"pct_part_valor":29.6},"061 - 090 Dias":{"uds":13,"valor":5022206.83,"pct_part_uds":11.9,"pct_part_valor":10.2},"091 - 120 Dias":{"uds":14,"valor":6941474.96,"pct_part_uds":12.8,"pct_part_valor":14},"121 - 180 Dias":{"uds":5,"valor":2008988.22,"pct_part_uds":4.6,"pct_part_valor":4.1},"181 - 360 Dias":{"uds":7,"valor":4758010.39,"pct_part_uds":6.4,"pct_part_valor":9.6},"361 o Mas Dias":{"uds":4,"valor":1555887.7200000002,"pct_part_uds":3.7,"pct_part_valor":3.1}},"total_uds":109,"total_valor":49432664.65000002,"pct_part_uds_total":23.9,"pct_part_valor_total":25.29},{"sucursal":"VOLKSWAGEN Central","compania":"Distribuidora Volkswagen Central","por_rango":{"000 - 030 Dias":{"uds":55,"valor":20222723.330000002,"pct_part_uds":52.4,"pct_part_valor":50.4},"031 - 060 Dias":{"uds":20,"valor":7675647.3500000015,"pct_part_uds":19,"pct_part_valor":19.1},"061 - 090 Dias":{"uds":11,"valor":5001083.790000001,"pct_part_uds":10.5,"pct_part_valor":12.5},"091 - 120 Dias":{"uds":5,"valor":1848437.23,"pct_part_uds":4.8,"pct_part_valor":4.6},"121 - 180 Dias":{"uds":4,"valor":1286739.2,"pct_part_uds":3.8,"pct_part_valor":3.2},"181 - 360 Dias":{"uds":8,"valor":3358222.47,"pct_part_uds":7.6,"pct_part_valor":8.4},"361 o Mas Dias":{"uds":2,"valor":724840.3400000001,"pct_part_uds":1.9,"pct_part_valor":1.8}},"total_uds":105,"total_valor":40117693.71000002,"pct_part_uds_total":23.03,"pct_part_valor_total":20.52},{"sucursal":"CUPRA LOMAS","compania":"Autos Lomas","por_rango":{"000 - 030 Dias":{"uds":6,"valor":3435971.5500000007,"pct_part_uds":16.2,"pct_part_valor":15.3},"031 - 060 Dias":{"uds":8,"valor":4423783.99,"pct_part_uds":21.6,"pct_part_valor":19.7},"061 - 090 Dias":{"uds":7,"valor":3999259.54,"pct_part_uds":18.9,"pct_part_valor":17.8},"091 - 120 Dias":{"uds":3,"valor":1553013.15,"pct_part_uds":8.1,"pct_part_valor":6.9},"121 - 180 Dias":{"uds":8,"valor":5656762.6,"pct_part_uds":21.6,"pct_part_valor":25.1},"181 - 360 Dias":{"uds":5,"valor":3429749.09,"pct_part_uds":13.5,"pct_part_valor":15.2},"361 o Mas Dias":{"uds":0,"valor":0,"pct_part_uds":0,"pct_part_valor":0}},"total_uds":37,"total_valor":22498539.919999998,"pct_part_uds_total":8.11,"pct_part_valor_total":11.51},{"sucursal":"SEAT LOMAS","compania":"Autos Lomas","por_rango":{"000 - 030 Dias":{"uds":19,"valor":6524940.480000001,"pct_part_uds":54.3,"pct_part_valor":52.6},"031 - 060 Dias":{"uds":13,"valor":4677899.96,"pct_part_uds":37.1,"pct_part_valor":37.7},"061 - 090 Dias":{"uds":1,"valor":346407.32,"pct_part_uds":2.9,"pct_part_valor":2.8},"091 - 120 Dias":{"uds":1,"valor":431310.16000000003,"pct_part_uds":2.9,"pct_part_valor":3.5},"121 - 180 Dias":{"uds":1,"valor":431310.16000000003,"pct_part_uds":2.9,"pct_part_valor":3.5},"181 - 360 Dias":{"uds":0,"valor":0,"pct_part_uds":0,"pct_part_valor":0},"361 o Mas Dias":{"uds":0,"valor":0,"pct_part_uds":0,"pct_part_valor":0}},"total_uds":35,"total_valor":12411868.080000002,"pct_part_uds_total":7.68,"pct_part_valor_total":6.35}],"totales":{"por_rango":{"000 - 030 Dias":{"uds":175,"valor":70639800.91000001,"pct_part_uds":38.4,"pct_part_valor":36.1},"031 - 060 Dias":{"uds":104,"valor":46097160.54000001,"pct_part_uds":22.8,"pct_part_valor":23.6},"061 - 090 Dias":{"uds":70,"valor":26742825.57999999,"pct_part_uds":15.4,"pct_part_valor":13.7},"091 - 120 Dias":{"uds":37,"valor":16984485.419999998,"pct_part_uds":8.1,"pct_part_valor":8.7},"121 - 180 Dias":{"uds":25,"valor":12442116.719999999,"pct_part_uds":5.5,"pct_part_valor":6.4},"181 - 360 Dias":{"uds":35,"valor":18927168.6,"pct_part_uds":7.7,"pct_part_valor":9.7},"361 o Mas Dias":{"uds":10,"valor":3638402.92,"pct_part_uds":2.2,"pct_part_valor":1.9}},"uds":456,"valor":195471960.69000018},"modelo_atributos":{"sucursal":{"modelo":"VentaAuto","atributo":"Sucursal","label":""},"dia_01":{"modelo":"VentaAuto","atributo":"Uds_Vendidas","label":"Vta Uds"},"dia_02":{"modelo":"VentaAuto","atributo":"Uds_Vendidas","label":"Vta Uds"},"dia_03":{"modelo":"VentaAuto","atributo":"Uds_Vendidas","label":"Vta Uds"},"dia_04":{"modelo":"VentaAuto","atributo":"Uds_Vendidas","label":"Vta Uds"},"dia_05":{"modelo":"VentaAuto","atributo":"Uds_Vendidas","label":"Vta Uds"},"dia_06":{"modelo":"VentaAuto","atributo":"Uds_Vendidas","label":"Vta Uds"},"dia_07":{"modelo":"VentaAuto","atributo":"Uds_Vendidas","label":"Vta Uds"},"dia_08":{"modelo":"VentaAuto","atributo":"Uds_Vendidas","label":"Vta Uds"},"dia_09":{"modelo":"VentaAuto","atributo":"Uds_Vendidas","label":"Vta Uds"},"dia_10":{"modelo":"VentaAuto","atributo":"Uds_Vendidas","label":"Vta Uds"},"dia_11":{"modelo":"VentaAuto","atributo":"Uds_Vendidas","label":"Vta Uds"},"dia_12":{"modelo":"VentaAuto","atributo":"Uds_Vendidas","label":"Vta Uds"},"dia_13":{"modelo":"VentaAuto","atributo":"Uds_Vendidas","label":"Vta Uds"},"dia_14":{"modelo":"VentaAuto","atributo":"Uds_Vendidas","label":"Vta Uds"},"dia_15":{"modelo":"VentaAuto","atributo":"Uds_Vendidas","label":"Vta Uds"},"dia_16":{"modelo":"VentaAuto","atributo":"Uds_Vendidas","label":"Vta Uds"},"dia_17":{"modelo":"VentaAuto","atributo":"Uds_Vendidas","label":"Vta Uds"},"dia_18":{"modelo":"VentaAuto","atributo":"Uds_Vendidas","label":"Vta Uds"},"dia_19":{"modelo":"VentaAuto","atributo":"Uds_Vendidas","label":"Vta Uds"},"dia_20":{"modelo":"VentaAuto","atributo":"Uds_Vendidas","label":"Vta Uds"},"dia_21":{"modelo":"VentaAuto","atributo":"Uds_Vendidas","label":"Vta Uds"},"dia_22":{"modelo":"VentaAuto","atributo":"Uds_Vendidas","label":"Vta Uds"},"dia_23":{"modelo":"VentaAuto","atributo":"Uds_Vendidas","label":"Vta Uds"},"dia_24":{"modelo":"VentaAuto","atributo":"Uds_Vendidas","label":"Vta Uds"},"dia_25":{"modelo":"VentaAuto","atributo":"Uds_Vendidas","label":"Vta Uds"},"dia_26":{"modelo":"VentaAuto","atributo":"Uds_Vendidas","label":"Vta Uds"},"dia_27":{"modelo":"VentaAuto","atributo":"Uds_Vendidas","label":"Vta Uds"},"dia_28":{"modelo":"VentaAuto","atributo":"Uds_Vendidas","label":"Vta Uds"},"dia_29":{"modelo":"VentaAuto","atributo":"Uds_Vendidas","label":"Vta Uds"},"dia_30":{"modelo":"VentaAuto","atributo":"Uds_Vendidas","label":"Vta Uds"},"dia_31":{"modelo":"VentaAuto","atributo":"Uds_Vendidas","label":"Vta Uds"},"total":{"modelo":"VentaAuto","atributo":"Uds_Vendidas","label":"Vta Uds"},"obj_uds_dia":{"modelo":"VentaAuto","atributo":"Obj_Vta_Uds_al_Dia","label":""},"pct_alcance_ritmo":{"modelo":"","atributo":"","label":""},"obj_uds_mes":{"modelo":"Objetivos Autos","atributo":"Obj_Vta_Uds_Mensual","label":""},"pct_alcance":{"modelo":"","atributo":"","label":""},"venta":{"modelo":"VentaAuto","atributo":"Vta_Neta",